"model_name","m_min_6","m_min_5","m_min_4","m_min_3","m_min_2","m_min_1"
"Hyundai Santa Fe","821904761.90476190","871250000.00000000","870000000.00000000","1080000000.00000000","970000000.00000000","960000000.00000000"
